1BTI,A,1,UniProt P00974,RPDFCLEPPYTGPCKARIIRYAYNAKAGLCQTFVYGGCRAKRNNFKSAEDCMRTCGGA,58,polypeptide(L),6.45
1BPT,A,1,UniProt P00974,RPDFCLEPPYTGPCKARIIRYFANAKAGLCQTFVYGGCRAKRNNFKSAEDCMRTCGGA,58,polypeptide(L),6.43
1BPI,A,1,UniProt P00974,RPDFCLEPPYTGPCKARIIRYFYNAKAGLCQTFVYGGCRAKRNNFKSAEDCMRTCGGA,58,polypeptide(L),6.53
8PTI,A,1,UniProt P00974,RPDFCLEPPYTGPCKARIIRYFYNAKAGLCQTFVGGGCRAKRNNFKSAEDCMRTCGGA,58,polypeptide(L),6.42
7PTI,A,1,UniProt P00974,RPDFCLEPPYTGPCKARIIRYFYNAKAGLAQTFVYGGCRAKRNNFKSAEDAMRTCGGA,58,polypeptide(L),6.46
9PTI,A,1,UniProt P00974,RPDFCLEPPYTGPCKARIIRYFYNAKAGLCQTFVYGGCRAKRNNFKSAEDCMRTCGGA,58,polypeptide(L),6.54
1DTX,A,1,UniProt P00980,QPRRKLCILHRNPGRCYDKIPAFYYNQKKKQCERFDWSGCGGNSNRFKTIEECRRTCIG,59,polypeptide(L),7.07
6Q61,A,1,UniProt P0C1X2,KDRPSLCDLPADSGSGTKAEKRIYYNSARKQCLRFDYTGQGGNENNFRRTYDCARTCLYTA,61,polypeptide(L),6.96
6PTI,A,1,UniProt P00974,RPDFCLEPPYTGPCKARIIRYFYNAKAGLCQTFVYGGCRAKRNNFKSAEDCMRTCGGA,58,polypeptide(L),6.53
1MWP,A,1,UniProt P05067,LLAEPQIAMFCGRLNMHMNVQNGKWDSDPSGTKTCIDTKEGILQYCQEVYPELQITNVVEANQPVTIQNWCKRGRKQCKTHPHFVIPYRCLVGEFV,96,polypeptide(L),11.05
1NAG,A,1,UniProt P00974,RPDFCLEPPYTGPCKARIIRYFYNAKAGLCQTFVYGGCRAKRGNFKSAEDCMRTCGGA,58,polypeptide(L),6.47
1QLQ,A,1,UniProt P00974,RPDFCLEPPYAGACRARIIRYFYNAKAGLCQTFVYGGCRAKRNNFKSAEDCLRTCGGA,58,polypeptide(L),6.48
6NB9,A,1,UniProt P05067,FAEDVGSNKGAIIGL,15,polypeptide(L),1.49
6O4J,"A, B",1,UniProt P05067,XKLVFFAENVGSX,13,polypeptide(L),1.24
1KNT,A,1,UniProt P12111,ETDICKLPKDEGTCRDFILKWYYDPNTKSCARFWYGGCGGNENKFGSQKECEKVCAPV,58,polypeptide(L),6.64
1KTH,A,1,UniProt P12111,ETDICKLPKDEGTCRDFILKWYYDPNTKSCARFWYGGCGGNENKFGSQKECEKVCAPV,58,polypeptide(L),6.64
6MAA,A,1,UniProt Q7TQN3,MGSSHHHHHHSSGLVPRGSHMATCDHFMCLQQGSECDIWDGQPVCKCKDRCEKEPSFTCASDGLTYYNRCFMDAEACSKGITLSVVTCRY,90,polypeptide(L),10.07
5TXD,Z,1,UniProt P05067,NKGAIF,6,polypeptide(L),0.65
5YV7,A,1,UniProt P81658,WQPPWYCKEPVRIGSCKKQFSSFYFKWTAKKCLPFLFSGCGGNANRFQTIGECRKKCLGK,60,polypeptide(L),7
1G6X,A,1,UniProt P00974,RPDFCLEPPYAGACRARIIRYFYNAKAGLCQTFVYGGCRAKRNNFKSAEDCLRTCGGA,58,polypeptide(L),6.48
3PZZ,"A, B",1,UniProt P05067,GAIIGL,6,polypeptide(L),0.54
3OFW,A,1,UniProt P31713,EAEASICSEPKKVGRCKGYFPRFYFDSETGKCTPFIYGGCGGNGNNFETLHQCRAICRLG,60,polypeptide(L),6.63
2Y2A,A,1,UniProt P05067,KLVFFA,6,polypeptide(L),0.72
2Y29,A,1,UniProt P05067,KLVFFA,6,polypeptide(L),0.72
2Y3J,"A, B, C, D, E, F, G, H",1,UniProt P05067,AIIGLM,6,polypeptide(L),0.62
2Y3K,"A, B, C, D, E, F, G, H",1,UniProt P05067,MVGGVVIA,8,polypeptide(L),0.74
2Y3L,"A, B, C, G",1,UniProt P05067,MVGGVVIA,8,polypeptide(L),0.74
3Q2X,A,1,UniProt P05067,NKGAII,6,polypeptide(L),0.62
4PTI,A,1,UniProt P00974,RPDFCLEPPYTGPCKARIIRYFYNAKAGLCQTFVYGGCRAKRNNFKSAEDCMRTCGGA,58,polypeptide(L),6.53
3OW9,"A, B",1,UniProt P05067,KLVFFA,6,polypeptide(L),0.72
3OVJ,"A, B, C, D",1,UniProt P05067,KLVFFA,6,polypeptide(L),0.72
5PTI,A,1,UniProt P00974,RPDFCLEPPYTGPCKARIIRYFYNAKAGLCQTFVYGGCRAKRNNFKSAEDCMRTCGGA,58,polypeptide(L),6.53
2KNT,A,1,UniProt P12111,ETDICKLPKDEGTCRDFILKWYYDPNTKSCARFWYGGCGGNENKFGSQKECEKVCAPV,58,polypeptide(L),6.64
1K6U,A,1,UniProt P00974,RPDFCLEPPYAGACRARIIRYFYNAKAGLCQTFVYGGCRAKRNNFKSAEDCLRTCGGA,58,polypeptide(L),6.48
1FAN,A,1,UniProt P00974,RPDFCLEPPYTGPCKARIIRYFYNAKAGLCQTFVYGGCRAKRNNAKSAEDCMRTCGGA,58,polypeptide(L),6.45
2FK2,A,1,UniProt P05067,EACKFLHQERMDVCETHLHWHTVAKETCSEKSTNLHDYGMLLPCGIDKFRGVEFVCCPL,59,polypeptide(L),6.85
2FK1,A,1,UniProt P05067,EACKFLHQERMDVCETHLHWHTVAKETCSEKSTNLHDYGMLLPCGIDKFRGVEFVCCPL,59,polypeptide(L),6.85
2FJZ,A,1,UniProt P05067,EACKFLHQERMDVCETHLHWHTVAKETCSEKSTNLHDYGMLLPCGIDKFRGVEFVCCPL,59,polypeptide(L),6.85
2FMA,A,1,UniProt P05067,EACKFLHQERMDVCETHLHWHTVAKETCSEKSTNLHDYGMLLPCGIDKFRGVEFVCCPL,59,polypeptide(L),6.85
